team1,team2,team1 history points,team2 history points,team1 market value,team2 market value,audience,team1 table position,team2 table position,team1 Rank,team2 Rank,result
Malaga,Eibar,4,4,5.52,6.005,24.838,10,10,154,152,2
Levante,Villarreal,4,4,6.185,22,12.942,10,10,148,160,1
Dep. La Coruna,Real Madrid,4,4,6.645,95.535,27.77,10,10,152,172,2
Barcelona,Betis,4,4,109,13.225,56.48,10,10,170,152,1
Ath Bilbao,Getafe,4,4,24.94,6.56,37.884,10,10,158,144,0
Sevilla,Espanyol,4,4,25.32,9.78,30.487,10,10,162,154,0
Girona,Atl. Madrid,4,4,8.175,71.115,11.511,10,10,142,166,0
Celta Vigo,Real Sociedad,4,4,17.305,23.295,16.961,10,10,156,156,2
Valencia,Las Palmas,4,4,39.805,9.125,35.971,10,10,156,154,1
Leganes,Alaves,4,4,5.855,7.48,9.231,10,10,150,150,1
Real Madrid,Valencia,6,6,95.535,39.805,61.739,3,6,172,156,0
Getafe,Sevilla,4,4,6.56,25.32,9.427,9,10,144,162,2
Eibar,Ath Bilbao,6,4,6.005,24.94,5.948,4,9,152,158,2
Espanyol,Leganes,4,6,9.78,5.855,17.895,11,9,154,150,2
Las Palmas,Atl. Madrid,-1,4,9.125,71.115,20.31,19,12,154,166,2
Girona,Malaga,4,-1,8.175,5.52,9.748,13,18,142,154,1
Levante,Dep. La Coruna,6,-1,6.185,6.645,16.345,9,14,148,152,0
Alaves,Barcelona,-1,6,7.48,109,14.934,17,10,150,170,2
Betis,Celta Vigo,-1,-1,13.225,17.305,43.801,15,16,152,156,1
Real Sociedad,Villarreal,6,-1,23.295,22,19.792,11,20,156,160,1
Malaga,Las Palmas,-4,-4,5.52,9.125,22.697,18,19,154,154,2
Villarreal,Betis,-4,3,22,13.225,18.638,20,12,160,152,1
Celta Vigo,Alaves,-4,-4,17.305,7.48,6.133,18,19,156,150,1
Ath Bilbao,Girona,6,6,24.94,8.175,39.952,7,9,158,142,1
Dep. La Coruna,Real Sociedad,1,8,6.645,23.295,21.942,18,4,152,156,2
Barcelona,Espanyol,8,-1,109,9.78,72.857,4,17,170,154,1
Sevilla,Eibar,6,1,25.32,6.005,32.469,7,11,162,152,1
Valencia,Atl. Madrid,6,6,39.805,71.115,43.859,7,8,156,166,0
Real Madrid,Levante,6,6,95.535,6.185,67.789,8,10,172,148,0
Leganes,Getafe,8,-1,5.855,6.56,11.454,5,16,150,144,2
Espanyol,Celta Vigo,-4,0,9.78,17.305,14.853,17,16,154,156,1
Real Sociedad,Real Madrid,10,6,23.295,95.535,24.675,1,8,156,172,2
Las Palmas,Ath Bilbao,0,8,9.125,24.94,19.149,15,4,154,158,1
Girona,Sevilla,1,8,8.175,25.32,10.872,11,5,142,162,2
Alaves,Villarreal,-7,0,7.48,22,13.887,19,16,150,160,2
Atl. Madrid,Malaga,6,-7,71.115,5.52,62.906,10,20,166,154,1
Betis,Dep. La Coruna,-2,-4,13.225,6.645,46.174,16,18,152,152,1
Getafe,Barcelona,3,10,6.56,109,14.922,14,3,144,170,2
Levante,Valencia,6,6,6.185,39.805,23.084,12,11,148,156,0
Eibar,Leganes,-2,3,6.005,5.855,4.986,16,7,152,150,1
Levante,Real Sociedad,7,6,6.185,23.295,17.415,12,3,148,156,1
Celta Vigo,Getafe,-4,-2,17.305,6.56,14.7,17,15,156,144,0
Villarreal,Espanyol,3,0,22,9.78,17.071,10,16,160,154,0
Real Madrid,Betis,9,3,95.535,13.225,65.102,5,11,172,152,2
Sevilla,Las Palmas,10,3,25.32,9.125,35.317,2,11,162,154,1
Dep. La Coruna,Alaves,-6,-9,6.645,7.48,18.518,18,19,152,150,1
Ath Bilbao,Atl. Madrid,3,8,24.94,71.115,43.381,8,7,158,166,2
Leganes,Girona,1,-2,5.855,8.175,9.781,10,16,150,142,0
Barcelona,Eibar,13,3,109,6.005,51.645,2,13,170,152,1
Valencia,Malaga,7,-9,39.805,5.52,36.215,12,20,156,154,1
Betis,Levante,8,6,13.225,6.185,48.237,6,5,152,148,1
Real Sociedad,Valencia,1,6,23.295,39.805,20.266,5,7,156,156,2
Las Palmas,Leganes,1,1,9.125,5.855,17.56,12,11,154,150,2
Eibar,Celta Vigo,-4,1,6.005,17.305,5.345,13,17,152,156,2
Getafe,Villarreal,1,6,6.56,22,10.874,15,11,144,160,1
Espanyol,Dep. La Coruna,1,0,9.78,6.645,19.585,16,18,154,152,1
Girona,Barcelona,1,13,8.175,109,13.305,17,1,142,170,2
Malaga,Ath Bilbao,-9,1,5.52,24.94,23.425,20,12,154,158,0
Alaves,Real Madrid,-9,1,7.48,95.535,19.559,20,9,150,172,2
Atl. Madrid,Sevilla,11,13,71.115,25.32,60.823,5,2,166,162,1
Leganes,Atl. Madrid,1,10,5.855,71.115,11.454,7,2,150,166,0
Levante,Alaves,1,-9,6.185,7.48,18.528,9,20,148,150,2
Sevilla,Malaga,6,-4,25.32,5.52,34.43,3,20,162,154,1
Dep. La Coruna,Getafe,-4,6,6.645,6.56,19.329,18,10,152,144,1
Celta Vigo,Girona,6,-6,17.305,8.175,16.126,14,18,156,142,0
Real Madrid,Espanyol,5,6,95.535,9.78,71.205,6,11,172,154,1
Villarreal,Eibar,4,-4,22,6.005,17.09,14,17,160,152,1
Valencia,Ath Bilbao,8,1,39.805,24.94,42.07,6,13,156,158,1
Barcelona,Las Palmas,13,1,109,9.125,0,1,16,170,154,1
Real Sociedad,Betis,-4,8,23.295,13.225,19.669,9,6,156,152,0
Las Palmas,Celta Vigo,-4,4,9.125,17.305,15.799,16,14,154,156,2
Betis,Valencia,11,10,13.225,39.805,48.792,6,4,152,156,2
Malaga,Leganes,-6,4,5.52,5.855,23.951,20,7,154,150,2
Girona,Villarreal,-1,6,8.175,22,9.935,18,9,142,160,2
Eibar,Dep. La Coruna,-4,3,6.005,6.645,5.125,17,15,152,152,0
Atl. Madrid,Barcelona,11,13,71.115,109,64.393,4,1,166,170,0
Alaves,Real Sociedad,-2,-4,7.48,23.295,19.84,19,10,150,156,2
Getafe,Real Madrid,-1,8,6.56,95.535,15.35,12,5,144,172,2
Ath Bilbao,Sevilla,-6,8,24.94,25.32,40.197,14,4,158,162,1
Espanyol,Levante,4,-2,9.78,6.185,19.365,14,12,154,148,0
Dep. La Coruna,Girona,6,-4,6.645,8.175,17.588,15,18,152,142,2
Real Sociedad,Espanyol,1,3,23.295,9.78,18.434,9,13,156,154,0
Real Madrid,Eibar,8,-4,95.535,6.005,63.705,3,17,172,152,1
Leganes,Ath Bilbao,8,1,5.855,24.94,10.509,6,11,150,158,1
Celta Vigo,Atl. Madrid,8,9,17.305,71.115,13.031,10,6,156,166,2
Villarreal,Las Palmas,5,-9,22,9.125,16.709,9,18,160,154,1
Barcelona,Malaga,11,-6,109,5.52,69.872,1,20,170,154,1
Valencia,Sevilla,13,1,39.805,25.32,44.375,4,6,156,162,1
Betis,Alaves,4,-4,13.225,7.48,49.304,9,19,152,150,1
Levante,Getafe,1,-2,6.185,6.56,17.287,12,15,148,144,0
Las Palmas,Dep. La Coruna,-9,-1,9.125,6.645,14.769,18,16,154,152,2
Eibar,Levante,-6,-1,6.005,6.185,5.131,17,12,152,148,0
Espanyol,Betis,4,6,9.78,13.225,17.545,14,8,154,152,1
Malaga,Celta Vigo,-7,4,5.52,17.305,19.541,20,12,154,156,1
Girona,Real Madrid,1,13,8.175,95.535,13.382,15,3,142,172,1
Getafe,Real Sociedad,1,4,6.56,23.295,11.01,16,9,144,156,1
Sevilla,Leganes,-4,11,25.32,5.855,32.097,6,5,162,150,1
Ath Bilbao,Barcelona,-2,11,24.94,109,43.57,15,1,158,170,2
Atl. Madrid,Villarreal,9,8,71.115,22,61.421,4,7,166,160,0
Alaves,Valencia,-4,13,7.48,39.805,18.638,20,2,150,156,2
Real Madrid,Las Palmas,6,-9,95.535,9.125,67.12,3,18,172,154,1
Villarreal,Malaga,11,-2,22,5.52,17.755,7,19,160,154,1
Real Sociedad,Eibar,1,-1,23.295,6.005,20.387,9,17,156,152,1
Celta Vigo,Ath Bilbao,-2,-4,17.305,24.94,19.779,14,15,156,158,1
Levante,Girona,2,5,6.185,8.175,18.324,12,13,148,142,2
Barcelona,Sevilla,11,3,109,25.32,70.723,1,6,170,162,1
Alaves,Espanyol,-4,4,7.48,9.78,19.368,20,12,150,154,1
Dep. La Coruna,Atl. Madrid,6,6,6.645,71.115,22.733,16,4,152,166,2
Valencia,Leganes,13,3,39.805,5.855,39.694,2,7,156,150,1
Betis,Getafe,-2,1,13.225,6.56,42.323,9,14,152,144,0
Eibar,Betis,-4,1,6.005,13.225,4.638,17,9,152,152,1
Ath Bilbao,Villarreal,-4,11,24.94,22,36.666,15,5,158,160,0
Las Palmas,Levante,-9,-1,9.125,6.185,26.212,18,14,154,148,2
Espanyol,Valencia,1,13,9.78,39.805,25.529,13,2,154,156,2
Malaga,Dep. La Coruna,-4,-2,5.52,6.645,24.563,20,16,154,152,1
Atl. Madrid,Real Madrid,8,8,71.115,95.535,66.496,4,3,166,172,0
Sevilla,Celta Vigo,-4,3,25.32,17.305,35.03,6,12,162,156,1
Leganes,Barcelona,1,10,5.855,109,11.454,7,1,150,170,2
Getafe,Alaves,4,-2,6.56,7.48,10.014,14,20,144,150,1
Girona,Real Sociedad,8,6,8.175,23.295,10.136,11,8,142,156,0
Espanyol,Getafe,-2,8,9.78,6.56,11.756,14,10,154,144,1
Valencia,Barcelona,13,13,39.805,109,47.775,2,1,156,170,0
Villarreal,Sevilla,9,3,22,25.32,18.698,6,5,160,162,2
Real Sociedad,Las Palmas,3,-9,23.295,9.125,19.78,7,19,156,154,0
Dep. La Coruna,Ath Bilbao,-4,-4,6.645,24.94,20.879,16,15,152,158,0
Levante,Atl. Madrid,3,9,6.185,71.115,21.549,13,5,148,166,2
Betis,Girona,-1,11,13.225,8.175,45.681,9,11,152,142,0
Real Madrid,Malaga,6,3,95.535,5.52,75.671,5,18,172,154,1
Alaves,Eibar,-4,1,7.48,6.005,19.272,20,17,150,152,2
Celta Vigo,Leganes,-4,-4,17.305,5.855,10.611,14,9,156,150,1
Girona,Alaves,9,-4,8.175,7.48,7.316,10,20,142,150,2
Las Palmas,Betis,-4,-1,9.125,13.225,16.313,20,8,154,152,1
Eibar,Espanyol,5,3,6.005,9.78,4.693,15,13,152,154,1
Getafe,Valencia,4,11,6.56,39.805,12.48,13,2,144,156,1
Leganes,Villarreal,-9,1,5.855,22,10.017,10,6,150,160,1
Ath Bilbao,Real Madrid,-1,6,24.94,95.535,44.884,16,4,158,172,0
Sevilla,Dep. La Coruna,8,1,25.32,6.645,32.017,5,17,162,152,1
Atl. Madrid,Real Sociedad,8,4,71.115,23.295,57.394,5,8,166,156,1
Barcelona,Celta Vigo,11,3,109,17.305,63.208,1,12,170,156,0
Malaga,Levante,1,-2,5.52,6.185,17.886,20,15,154,148,0
Espanyol,Girona,-4,2,9.78,8.175,13.846,14,12,154,142,2
Villarreal,Barcelona,-1,9,22,109,21.087,6,1,160,170,2
Levante,Ath Bilbao,1,2,6.185,24.94,18.005,15,16,148,158,2
Betis,Atl. Madrid,-4,11,13.225,71.115,45.517,11,3,152,166,2
Real Sociedad,Malaga,2,1,23.295,5.52,16.834,9,20,156,154,2
Valencia,Celta Vigo,4,6,39.805,17.305,35.633,3,12,156,156,1
Dep. La Coruna,Leganes,-6,-2,6.645,5.855,18.366,17,7,152,150,1
Real Madrid,Sevilla,9,8,95.535,25.32,76.924,4,5,172,162,1
Getafe,Eibar,5,8,6.56,6.005,9.317,10,13,144,152,0
Alaves,Las Palmas,3,1,7.48,9.125,18.567,20,19,150,154,1
Leganes,Real Madrid,-4,8,5.855,95.535,11.423,7,4,150,172,2
Malaga,Betis,6,-6,5.52,13.225,22.488,19,11,154,152,2
Barcelona,Dep. La Coruna,9,1,109,6.645,53.607,1,17,170,152,1
Las Palmas,Espanyol,-1,-4,9.125,9.78,14.02,20,15,154,154,0
Celta Vigo,Villarreal,-1,-7,17.305,22,18.215,12,6,156,160,2
Girona,Getafe,3,6,8.175,6.56,10.095,9,10,142,144,1
Atl. Madrid,Alaves,10,3,71.115,7.48,49.937,4,18,166,150,1
Eibar,Valencia,11,6,6.005,39.805,5.219,13,3,152,156,1
Ath Bilbao,Real Sociedad,6,-4,24.94,23.295,45.504,14,12,158,156,0
Sevilla,Levante,6,-1,25.32,6.185,25.803,5,16,162,148,0
Dep. La Coruna,Celta Vigo,-2,-1,6.645,17.305,27.877,17,13,152,156,2
Valencia,Villarreal,-2,-2,39.805,22,39.181,3,6,156,160,2
Real Madrid,Barcelona,11,8,95.535,109,80.264,4,1,172,170,2
Espanyol,Atl. Madrid,1,13,9.78,71.115,19.327,15,2,154,166,1
Betis,Ath Bilbao,0,6,13.225,24.94,42.713,8,15,152,158,2
Alaves,Malaga,1,-1,7.48,5.52,18.733,18,19,150,154,1
Eibar,Girona,11,5,6.005,8.175,4.867,9,7,152,142,1
Real Sociedad,Sevilla,-2,6,23.295,25.32,17.205,14,5,156,162,1
Getafe,Las Palmas,-1,3,6.56,9.125,9.231,14,20,144,154,1
Levante,Leganes,-1,-4,6.185,5.855,14.639,16,14,148,150,0
Malaga,Espanyol,-2,1,5.52,9.78,12.149,19,15,154,154,2
Celta Vigo,Real Madrid,0,3,17.305,95.535,20.872,13,4,156,172,0
Ath Bilbao,Alaves,8,8,24.94,7.48,41,14,18,158,150,1
Villarreal,Dep. La Coruna,3,-4,22,6.645,15.442,6,17,160,152,0
Barcelona,Levante,10,1,109,6.185,56.38,1,16,170,148,1
Leganes,Real Sociedad,1,1,5.855,23.295,7.523,15,10,150,156,1
Sevilla,Betis,-1,-4,25.32,13.225,40.282,5,15,162,152,2
Las Palmas,Eibar,-1,11,9.125,6.005,12.059,20,7,154,152,2
Valencia,Girona,-4,1,39.805,8.175,27.749,4,11,156,142,1
Atl. Madrid,Getafe,6,6,71.115,6.56,47.023,3,13,166,144,1
Betis,Leganes,3,1,13.225,5.855,41.777,10,9,152,150,1
Real Sociedad,Barcelona,-1,13,23.295,109,23.277,12,1,156,170,2
Espanyol,Ath Bilbao,6,11,9.78,24.94,20.228,14,9,154,158,0
Alaves,Sevilla,1,-6,7.48,25.32,19.413,18,5,150,162,1
Levante,Celta Vigo,-3,1,6.185,17.305,17.007,16,15,148,156,2
Dep. La Coruna,Valencia,1,3,6.645,39.805,19.031,18,3,152,156,2
Eibar,Atl. Madrid,10,8,6.005,71.115,6.186,7,3,152,166,2
Real Madrid,Villarreal,6,6,95.535,22,63.403,4,6,172,160,2
Girona,Las Palmas,1,-6,8.175,9.125,10.037,13,20,142,154,1
Getafe,Malaga,-2,-4,6.56,5.52,9.513,15,19,144,154,1
Eibar,Malaga,6,-9,6.005,5.52,4.52,7,19,152,154,0
Betis,Barcelona,8,13,13.225,109,53.426,8,1,152,170,2
Real Sociedad,Celta Vigo,-2,6,23.295,17.305,19.081,15,12,156,156,2
Real Madrid,Dep. La Coruna,-1,-6,95.535,6.645,63.504,4,18,172,152,1
Alaves,Leganes,3,-1,7.48,5.855,19.637,17,13,150,150,0
Las Palmas,Valencia,-7,3,9.125,39.805,20.242,20,3,154,156,1
Villarreal,Levante,11,-4,22,6.185,16.773,5,17,160,148,1
Atl. Madrid,Girona,8,3,71.115,8.175,55.076,2,10,166,142,0
Espanyol,Sevilla,8,-7,9.78,25.32,19.607,14,6,154,162,2
Getafe,Ath Bilbao,3,8,6.56,24.94,11.457,11,12,144,158,0
Celta Vigo,Betis,11,1,17.305,13.225,14.667,8,9,156,152,1
Barcelona,Alaves,13,6,109,7.48,62.369,1,16,170,150,1
Sevilla,Getafe,-2,6,25.32,6.56,34.011,6,11,162,144,0
Atl. Madrid,Las Palmas,6,-2,71.115,9.125,55.363,2,19,166,154,1
Leganes,Espanyol,3,4,5.855,9.78,10.132,13,14,150,154,1
Villarreal,Real Sociedad,11,-4,22,23.295,15.052,5,15,160,156,1
Malaga,Girona,-4,1,5.52,8.175,22.125,20,12,154,142,0
Valencia,Real Madrid,1,1,39.805,95.535,47.034,3,4,156,172,2
Dep. La Coruna,Levante,-6,-7,6.645,6.185,20.151,18,17,152,148,0
Ath Bilbao,Eibar,9,6,24.94,6.005,39.331,13,8,158,152,0
Las Palmas,Malaga,-4,-1,9.125,5.52,17.424,19,20,154,154,1
Atl. Madrid,Valencia,11,1,71.115,39.805,49.596,2,4,166,156,1
Girona,Ath Bilbao,4,7,8.175,24.94,9.602,11,13,142,158,1
Espanyol,Barcelona,-1,13,9.78,109,23.287,14,1,154,170,0
Getafe,Leganes,4,6,6.56,5.855,10.657,10,11,144,150,0
Levante,Real Madrid,-4,5,6.185,95.535,23.542,17,3,148,172,0
Alaves,Celta Vigo,-1,10,7.48,17.305,19.437,17,7,150,156,1
Betis,Villarreal,1,10,13.225,22,50.102,12,5,152,160,1
Eibar,Sevilla,4,1,6.005,25.32,5.311,10,6,152,162,1
Real Sociedad,Dep. La Coruna,-9,-2,23.295,6.645,15.626,15,18,156,152,1
Dep. La Coruna,Betis,-6,3,6.645,13.225,20.49,18,10,152,152,2
Valencia,Levante,-4,-1,39.805,6.185,38.199,4,17,156,148,1
Celta Vigo,Espanyol,6,-2,17.305,9.78,15.649,9,15,156,154,0
Barcelona,Getafe,11,7,109,6.56,75.681,1,11,170,144,0
Sevilla,Girona,-1,9,25.32,8.175,33.129,6,10,162,142,1
Real Madrid,Real Sociedad,6,-2,95.535,23.295,63.811,4,14,172,156,1
Leganes,Eibar,4,4,5.855,6.005,9.327,12,8,150,152,2
Malaga,Atl. Madrid,-3,11,5.52,71.115,25.482,20,2,154,166,2
Villarreal,Alaves,6,6,22,7.48,14.984,5,16,160,150,2
Ath Bilbao,Las Palmas,-1,3,24.94,9.125,33.679,13,19,158,154,0
Getafe,Celta Vigo,4,6,6.56,17.305,8.367,11,9,144,156,1
Betis,Real Madrid,3,11,13.225,95.535,53.486,8,3,152,172,2
Espanyol,Villarreal,-1,1,9.78,22,19.688,15,5,154,160,0
Atl. Madrid,Ath Bilbao,10,1,71.115,24.94,60.022,2,13,166,158,1
Real Sociedad,Levante,-4,-3,23.295,6.185,18.173,15,17,156,148,1
Malaga,Valencia,-4,-2,5.52,39.805,21.134,20,4,154,156,2
Alaves,Dep. La Coruna,5,-6,7.48,6.645,19.453,16,19,150,152,1
Eibar,Barcelona,8,9,6.005,109,6.76,7,1,152,170,2
Las Palmas,Sevilla,6,6,9.125,25.32,19.161,18,6,154,162,2
Girona,Leganes,1,1,8.175,5.855,9.142,11,12,142,150,1
Levante,Betis,-4,1,6.185,13.225,16.545,17,9,148,152,2
Sevilla,Atl. Madrid,5,13,25.32,71.115,37.884,5,2,162,166,2
Valencia,Real Sociedad,3,3,39.805,23.295,37.195,4,13,156,156,1
Ath Bilbao,Malaga,-4,-7,24.94,5.52,37.518,14,20,158,154,1
Villarreal,Getafe,1,6,22,6.56,16.125,6,10,160,144,1
Barcelona,Girona,9,5,109,8.175,85.417,1,9,170,142,1
Leganes,Las Palmas,-1,-1,5.855,9.125,9.325,13,18,150,154,0
Real Madrid,Alaves,11,8,95.535,7.48,75.181,4,15,172,150,1
Celta Vigo,Eibar,-1,3,17.305,6.005,15.383,11,8,156,152,1
Dep. La Coruna,Espanyol,-7,2,6.645,9.78,18.028,19,16,152,154,0
Eibar,Villarreal,1,1,6.005,22,4.056,8,5,152,160,1
Atl. Madrid,Leganes,13,-2,71.115,5.855,35.033,2,13,166,150,1
Ath Bilbao,Valencia,1,8,24.94,39.805,34.382,12,4,158,156,0
Getafe,Dep. La Coruna,1,-4,6.56,6.645,5.097,11,19,144,152,1
Malaga,Sevilla,-9,1,5.52,25.32,15.516,20,6,154,162,2
Girona,Celta Vigo,1,1,8.175,17.305,6.392,11,10,142,156,1
Espanyol,Real Madrid,4,10,9.78,95.535,19.805,16,3,154,172,1
Alaves,Levante,6,-7,7.48,6.185,16.812,16,17,150,148,1
Las Palmas,Barcelona,4,8,9.125,109,23.778,18,1,154,170,0
Betis,Real Sociedad,8,1,13.225,23.295,40.288,9,16,152,156,0
Celta Vigo,Las Palmas,-2,1,17.305,9.125,11.276,11,18,156,154,1
Valencia,Betis,11,6,39.805,13.225,35.565,4,10,156,152,1
Real Sociedad,Alaves,1,8,23.295,7.48,21.445,16,14,156,150,1
Barcelona,Atl. Madrid,8,13,109,71.115,90.356,1,2,170,166,1
Levante,Espanyol,-9,6,6.185,9.78,17.143,17,14,148,154,0
Real Madrid,Getafe,6,5,95.535,6.56,55.106,4,11,172,144,1
Dep. La Coruna,Eibar,-6,3,6.645,6.005,19.417,19,7,152,152,0
Leganes,Malaga,-6,-9,5.855,5.52,6.937,16,20,150,154,1
Sevilla,Ath Bilbao,8,3,25.32,24.94,25.185,5,14,162,158,1
Villarreal,Girona,-1,3,22,8.175,14.54,6,9,160,142,2
Alaves,Betis,1,-1,7.48,13.225,17.239,16,10,150,152,2
Ath Bilbao,Leganes,-1,1,24.94,5.855,30.787,14,13,158,150,1
Las Palmas,Villarreal,-3,-2,9.125,22,18.907,18,6,154,160,2
Atl. Madrid,Celta Vigo,6,3,71.115,17.305,55.076,2,10,166,156,1
Espanyol,Real Sociedad,6,6,9.78,23.295,20.314,15,13,154,156,1
Malaga,Barcelona,-9,11,5.52,109,26.667,20,1,154,170,2
Getafe,Levante,1,-4,6.56,6.185,8.136,11,17,144,148,2
Sevilla,Valencia,8,11,25.32,39.805,33.287,5,4,162,156,2
Eibar,Real Madrid,1,8,6.005,95.535,6.707,9,4,152,172,2
Girona,Dep. La Coruna,8,-1,8.175,6.645,10.663,7,19,142,152,1
Real Madrid,Girona,8,8,95.535,8.175,59.097,3,7,172,142,1
Celta Vigo,Malaga,1,-9,17.305,5.52,17.23,10,20,156,154,0
Villarreal,Atl. Madrid,3,8,22,71.115,19.385,6,2,160,166,1
Barcelona,Ath Bilbao,11,6,109,24.94,84.053,1,12,170,158,1
Leganes,Sevilla,-2,1,5.855,25.32,10.037,15,6,150,162,1
Betis,Espanyol,6,8,13.225,9.78,31.23,8,14,152,154,1
Real Sociedad,Getafe,-1,-4,23.295,6.56,17.509,15,11,156,144,2
Valencia,Alaves,11,-4,39.805,7.48,35.264,4,16,156,150,1
Dep. La Coruna,Las Palmas,-4,-4,6.645,9.125,18.942,19,18,152,154,0
Levante,Eibar,1,-1,6.185,6.005,16.028,17,9,148,152,1
Sevilla,Barcelona,1,10,25.32,109,37.588,6,1,162,170,0
Las Palmas,Real Madrid,-2,8,9.125,95.535,22.942,18,3,154,172,2
Ath Bilbao,Celta Vigo,-2,1,24.94,17.305,33.657,13,10,158,156,0
Girona,Levante,6,6,8.175,6.185,11.391,7,17,142,148,0
Getafe,Betis,3,5,6.56,13.225,10.628,11,8,144,152,2
Atl. Madrid,Dep. La Coruna,1,-1,71.115,6.645,49.351,2,19,166,152,1
Eibar,Real Sociedad,-1,-2,6.005,23.295,6.233,10,15,152,156,0
Malaga,Villarreal,-4,3,5.52,22,19.142,20,5,154,160,1
Leganes,Valencia,3,10,5.855,39.805,10.697,12,4,150,156,2
Espanyol,Alaves,4,-4,9.78,7.48,15.448,14,16,154,150,0
Villarreal,Ath Bilbao,1,1,22,24.94,14.879,5,13,160,158,2
Valencia,Espanyol,13,3,39.805,9.78,36.296,4,14,156,154,1
Real Sociedad,Girona,1,6,23.295,8.175,18.027,15,8,156,142,1
Real Madrid,Atl. Madrid,13,3,95.535,71.115,78.769,4,2,172,166,0
Levante,Las Palmas,8,-6,6.185,9.125,18.402,17,18,148,154,1
Barcelona,Leganes,11,1,109,5.855,72.126,1,14,170,150,1
Betis,Eibar,8,-2,13.225,6.005,50.194,7,10,152,152,1
Celta Vigo,Sevilla,4,1,17.305,25.32,16.919,9,7,156,162,1
Alaves,Getafe,-4,-4,7.48,6.56,18.241,16,11,150,144,1
Dep. La Coruna,Malaga,-4,1,6.645,5.52,16.932,19,20,152,154,1
Malaga,Real Madrid,-1,11,5.52,95.535,27.112,20,4,154,172,2
Getafe,Espanyol,-4,-1,6.56,9.78,10.593,11,15,144,154,1
Atl. Madrid,Levante,6,11,71.115,6.185,58.043,2,17,166,148,1
Eibar,Alaves,-6,1,6.005,7.48,5.754,11,16,152,150,2
Ath Bilbao,Dep. La Coruna,6,1,24.94,6.645,37.715,12,18,158,152,2
Las Palmas,Real Sociedad,-6,1,9.125,23.295,10.531,19,14,154,156,2
Leganes,Celta Vigo,-4,4,5.855,17.305,10.393,15,9,150,156,1
Barcelona,Valencia,11,13,109,39.805,69.544,1,4,170,156,1
Sevilla,Villarreal,-6,1,25.32,22,32.192,7,6,162,160,0
Girona,Betis,-1,13,8.175,13.225,11.286,8,5,142,152,2
Betis,Las Palmas,13,-7,13.225,9.125,45.151,5,19,152,154,1
Levante,Malaga,4,-2,6.185,5.52,17.372,17,20,148,154,1
Alaves,Girona,6,-6,7.48,8.175,18.366,15,8,150,142,2
Real Sociedad,Atl. Madrid,6,6,23.295,71.115,21.404,12,2,156,166,1
Real Madrid,Ath Bilbao,11,-1,95.535,24.94,59.193,3,13,172,158,0
Espanyol,Eibar,-6,-6,9.78,6.005,12.113,16,12,154,152,2
Valencia,Getafe,6,3,39.805,6.56,35.829,4,12,156,144,2
Villarreal,Leganes,1,3,22,5.855,12.556,6,14,160,150,1
Celta Vigo,Barcelona,1,11,17.305,109,20.347,10,1,156,170,0
Dep. La Coruna,Sevilla,5,-1,6.645,25.32,24.374,18,7,152,162,0
Ath Bilbao,Levante,3,5,24.94,6.185,24.587,13,17,158,148,2
Atl. Madrid,Betis,4,13,71.115,13.225,54.594,2,5,166,152,0
Las Palmas,Alaves,-9,3,9.125,7.48,7.143,19,15,154,150,2
Malaga,Real Sociedad,-4,10,5.52,23.295,14.102,20,11,154,156,1
Girona,Espanyol,0,-7,8.175,9.78,12.313,8,17,142,154,2
Celta Vigo,Valencia,3,1,17.305,39.805,17.316,10,4,156,156,0
Eibar,Getafe,0,3,6.005,6.56,4.86,12,9,152,144,2
Leganes,Dep. La Coruna,-4,6,5.855,6.645,10.124,15,18,150,152,0
Sevilla,Real Madrid,1,9,25.32,95.535,38.524,7,3,162,172,1
Barcelona,Villarreal,8,1,109,22,54.743,1,6,170,160,1
Betis,Malaga,11,-2,13.225,5.52,53.163,5,20,152,154,1
Dep. La Coruna,Barcelona,9,11,6.645,109,25.721,18,1,152,170,2
Valencia,Eibar,1,-4,39.805,6.005,40.328,4,12,156,152,0
Alaves,Atl. Madrid,8,3,7.48,71.115,18.944,13,2,150,166,2
Getafe,Girona,8,-4,6.56,8.175,8.011,8,9,144,142,0
Villarreal,Celta Vigo,-1,4,22,17.305,14.135,6,10,160,156,1
Real Madrid,Leganes,1,1,95.535,5.855,59.905,3,15,172,150,1
Real Sociedad,Ath Bilbao,6,-1,23.295,24.94,23.972,12,14,156,158,1
Espanyol,Las Palmas,-2,-9,9.78,9.125,13.589,16,19,154,154,0
Levante,Sevilla,8,4,6.185,25.32,17.24,17,7,148,162,1
Leganes,Levante,-1,8,5.855,6.185,7.832,15,17,150,148,2
Barcelona,Real Madrid,11,6,109,95.535,97.939,1,3,170,172,0
Las Palmas,Getafe,-4,11,9.125,6.56,4.624,19,8,154,144,2
Atl. Madrid,Espanyol,6,1,71.115,9.78,49.834,2,17,166,154,2
Malaga,Alaves,-4,1,5.52,7.48,14.024,20,15,154,150,2
Villarreal,Valencia,5,-1,22,39.805,19.079,6,4,160,156,1
Celta Vigo,Dep. La Coruna,-3,2,17.305,6.645,20.816,11,18,156,152,0
Ath Bilbao,Betis,-6,11,24.94,13.225,34.491,16,5,158,152,1
Girona,Eibar,1,1,8.175,6.005,9.706,9,12,142,152,2
Sevilla,Real Sociedad,1,8,25.32,23.295,34.733,8,11,162,156,1
Levante,Barcelona,13,8,6.185,109,22.384,14,1,148,170,1
Espanyol,Malaga,6,-4,9.78,5.52,15.004,15,20,154,154,1
Real Madrid,Celta Vigo,3,1,95.535,17.305,56.474,3,12,172,156,1
Dep. La Coruna,Villarreal,1,8,6.645,22,12.885,18,6,152,160,2
Alaves,Ath Bilbao,3,0,7.48,24.94,19.458,15,16,150,158,1
Betis,Sevilla,4,5,13.225,25.32,55.588,6,7,152,162,0
Getafe,Atl. Madrid,11,-1,6.56,71.115,12.187,8,2,144,166,2
Girona,Valencia,-1,-3,8.175,39.805,10.85,9,4,142,156,2
Eibar,Las Palmas,6,-6,6.005,9.125,5.107,10,19,152,154,1
Real Sociedad,Leganes,1,-6,23.295,5.855,19.981,12,17,156,150,1
Barcelona,Real Sociedad,4,3,109,23.295,82.444,1,10,170,156,1
Atl. Madrid,Eibar,5,6,71.115,6.005,63.229,2,9,166,152,0
Ath Bilbao,Espanyol,-4,11,24.94,9.78,28.492,16,15,158,154,2
Valencia,Dep. La Coruna,3,-4,39.805,6.645,35.376,4,18,156,152,1
Villarreal,Real Madrid,8,6,22,95.535,18.891,5,3,160,172,0
Malaga,Getafe,-4,4,5.52,6.56,9.57,20,8,154,144,2
Las Palmas,Girona,-6,-6,9.125,8.175,6.362,19,12,154,142,2
Sevilla,Alaves,6,8,25.32,7.48,22.513,7,13,162,150,1
Leganes,Betis,-7,3,5.855,13.225,10.813,17,6,150,152,1
Celta Vigo,Levante,-4,13,17.305,6.185,10.48,14,15,156,148,1
,,4,4,23.41,17.47,16.215,10,10,156,154,0
,,4,4,23.065,30.095,16.25,10,10,160,156,2
,,4,4,116,11.08,52.356,10,10,170,150,1
,,4,4,9.39,6.14,4.234,10,10,152,140,2
,,4,4,0,30.63,11.626,10,10,0,162,2
,,4,4,89.61,13.22,48.446,10,10,172,144,1
,,4,4,49.965,96.97,46.174,10,10,156,166,0
,,4,4,23.425,11.245,38.327,10,10,158,150,1
,,4,4,29.075,10.785,46.225,10,10,152,148,2
,,4,4,9.725,8.3,10.368,10,10,142,144,0
,,-1,-1,13.22,9.39,7.851,17,19,144,152,1
,,-1,6,11.245,30.095,9.735,16,1,150,156,0
,,-1,-1,11.08,29.075,18.221,17,16,150,152,0
,,4,4,96.97,0,52.693,11,10,166,0,1
,,4,6,8.3,116,22.651,14,3,144,170,2
,,4,4,17.47,49.965,18.714,11,12,154,156,1
,,6,-1,30.63,23.065,35.831,6,20,162,160,0
,,4,6,9.725,89.61,13.889,13,7,142,172,2
,,6,4,10.785,23.41,21.122,9,11,148,156,2
,,6,6,23.425,6.14,36.818,9,8,158,140,0
,,4,6,0,23.425,11.85,10,9,0,158,0
,,3,-1,13.22,8.3,9.817,11,14,144,144,0
,,1,-1,23.065,9.725,15.74,18,14,160,142,2
,,-4,6,9.39,30.095,6.144,20,4,152,156,1
,,6,6,23.41,96.97,19.262,8,5,156,166,1
,,8,1,89.61,11.245,59.255,3,16,172,150,1
,,1,-1,10.785,49.965,22.55,12,15,148,156,0
,,1,6,11.08,17.47,13.102,18,7,150,154,1
,,8,6,116,6.14,71.057,3,9,170,140,1
,,1,6,29.075,30.63,52.819,18,8,152,162,1
,,1,4,6.14,0,6.498,9,10,140,0,2
,,1,0,96.97,9.39,55.674,6,15,166,152,0
,,1,10,30.095,116,26.756,6,2,156,170,2
,,1,3,49.965,29.075,40.05,17,14,156,152,0
,,6,10,23.425,89.61,46.413,4,2,158,172,0
,,-4,-4,11.245,23.065,10.432,18,19,150,160,2
,,1,3,17.47,10.785,18.627,8,13,154,148,1
,,1,3,8.3,11.08,18.875,18,14,144,150,2
,,1,3,30.63,13.22,36.943,10,12,162,144,2
,,3,8,9.725,23.41,9.696,13,3,142,156,1
,,1,-6,9.39,11.245,4.456,15,19,152,150,1
,,-1,-1,6.14,30.095,6.948,14,12,140,156,2
,,3,-4,23.41,8.3,16.552,3,18,156,144,0
,,6,3,13.22,96.97,12.756,6,11,144,166,2
,,11,5,89.61,17.47,67.658,2,5,172,154,1
,,-1,-1,10.785,30.63,21.52,15,13,148,162,2
,,1,1,23.065,49.965,18.373,16,17,160,156,0
,,4,7,29.075,23.425,51.093,13,12,152,158,0
,,13,5,116,9.725,76.055,2,8,170,142,0
,,1,6,17.47,9.39,13.547,6,9,154,152,1
,,0,4,30.095,0,21.51,10,10,156,0,0
,,6,-7,96.97,6.14,47.023,5,15,166,140,1
,,-7,11,11.245,116,12.231,19,2,150,170,1
,,4,3,23.425,23.065,39.672,12,14,158,160,2
,,2,6,49.965,23.41,35.495,17,5,156,156,0
,,0,11,30.63,89.61,40.972,12,1,162,172,1
,,-1,-6,8.3,10.785,16.44,19,17,144,148,1
,,6,4,11.08,13.22,18.373,10,11,150,144,0
,,6,6,9.725,29.075,11.358,7,14,142,152,2
,,4,3,0,17.47,12.102,10,4,0,154,0
,,1,4,30.095,49.965,23.577,9,16,156,156,2
,,4,-1,116,23.425,78.015,2,15,170,158,0
,,4,3,9.39,30.63,5.443,15,5,152,162,2
,,4,6,89.61,96.97,78.642,2,4,172,166,0
,,-9,4,6.14,9.725,6.779,17,8,140,142,0
,,6,3,23.065,8.3,15.602,10,16,160,144,2
,,-7,8,10.785,11.08,20.239,18,12,148,150,1
,,9,-2,29.075,11.245,48.115,7,19,152,150,1
,,4,3,23.41,13.22,14.33,7,13,156,144,0
,,4,3,11.08,89.61,17.329,13,2,150,172,1
,,-4,4,11.245,0,10.801,19,10,150,0,1
,,1,-1,23.425,30.095,46.86,15,12,158,156,2
,,4,-2,9.725,9.39,10.434,10,16,142,152,2
,,4,-2,13.22,10.785,9.375,13,17,144,148,2
,,6,-4,8.3,6.14,17.474,13,19,144,140,1
,,8,8,96.97,29.075,63.719,4,5,166,152,1
,,8,2,30.63,23.41,38.141,4,10,162,156,1
,,6,4,17.47,23.065,19.485,7,15,154,160,1
,,6,4,49.965,116,46.28,16,3,156,170,0
,,-1,6,23.41,11.08,15.805,10,8,156,150,2
,,-1,3,89.61,10.785,63.762,4,12,172,148,2
,,6,3,49.965,11.245,35.711,15,18,156,150,0
,,-2,11,23.065,96.97,17.273,16,2,160,166,0
,,1,13,116,30.63,87.244,3,1,170,162,1
,,4,-3,0,13.22,11.856,10,15,0,144,2
,,3,-4,9.39,23.425,6.519,13,17,152,158,0
,,-6,6,6.14,17.47,6.964,19,5,140,154,2
,,3,10,29.075,8.3,42.581,8,9,152,144,2
,,6,-4,30.095,9.725,20.997,11,15,156,142,0
,,13,11,8.3,17.47,18.231,5,2,144,154,0
,,-1,4,9.725,0,6.618,15,10,142,0,1
,,-1,6,23.425,49.965,39.261,17,15,158,156,0
,,8,6,10.785,11.245,19.754,8,18,148,150,1
,,9,3,96.97,30.095,57.514,4,12,166,156,1
,,3,1,13.22,29.075,12.086,11,10,144,152,1
,,4,-6,116,89.61,93.265,2,8,170,172,1
,,5,1,11.08,23.065,16.956,9,17,150,160,1
,,6,-6,30.63,6.14,33.022,5,19,162,140,1
,,-1,8,11.245,96.97,11.157,18,2,150,166,0
,,-7,11,89.61,8.3,68.12,9,6,172,144,1
,,4,8,0,116,13.621,10,1,0,170,2
,,7,3,49.965,9.725,38.823,14,10,156,142,2
,,1,8,9.39,11.08,5.698,13,5,152,150,1
,,-6,13,23.065,10.785,16.855,17,8,160,148,0
,,-1,8,30.095,30.63,24.81,13,3,156,162,0
,,-7,5,6.14,13.22,6.445,19,10,140,144,0
,,-4,-4,29.075,23.41,41.973,13,15,152,156,0
,,11,4,10.785,30.095,18.959,7,12,148,156,2
,,4,6,8.3,9.39,16.136,8,12,144,152,0
,,6,-1,13.22,49.965,9.851,10,14,144,156,2
,,9,1,96.97,23.425,59.029,2,16,166,158,1
,,6,4,9.725,11.245,9.715,9,18,142,150,0
,,6,-4,11.08,6.14,14.554,5,19,150,140,1
,,10,-4,116,29.075,81.617,1,14,170,152,2
,,6,8,30.63,17.47,38.809,3,5,162,154,1
,,4,-1,0,23.065,11.63,10,17,0,160,0
,,-2,-2,23.41,89.61,21.184,15,6,156,172,2
